INSERT INTO t_case(id, category,
                   case_name, price,
                   stock_quantity,
                   description, color,
                   device_manufacturer,
                   device_model, is_on_sale)
VALUES (1, 'Phone Cases', 'Leather Case', 29.99, 100, 'Genuine leather case for iPhone', 'Brown', 'Apple', 'iPhone 12 Pro Max', true),
       (2, 'Phone Cases', 'Silicone Case', 19.99, 200, 'Durable silicone case for Samsung', 'Black', 'Samsung', 'Galaxy S21 Ultra', false),
       (3, 'Tablet Cases', 'Folio Case', 39.99, 50, 'Protective folio case for iPad', 'Navy Blue', 'Apple', 'iPad Pro 11', true),
       (4, 'Laptop Cases', 'Sleeve Case', 49.99, 75, 'Slim sleeve case for MacBook Pro', 'Gray', 'Apple', 'MacBook Pro 16', false),
       (5, 'Phone Cases', 'Clear Case', 9.99, 300, 'Transparent case for Google Pixel', 'Clear', 'Google', 'Pixel 5', true),
       (6, 'Tablet Cases', 'Shockproof Case', 29.99, 100, 'Heavy-duty shockproof case for Amazon Fire HD', 'Red', 'Amazon', 'Fire HD 8', false),
       (7, 'Laptop Cases', 'Messenger Bag', 89.99, 25, 'Stylish messenger bag for Dell XPS', 'Black', 'Dell', 'XPS 13', true),
       (8, 'Phone Cases', 'Bumper Case', 14.99, 150, 'Protective bumper case for OnePlus', 'Gray', 'OnePlus', '8T', false),
       (9, 'Tablet Cases', 'Smart Cover', 49.99, 50, 'Smart cover with wake/sleep function for Samsung Galaxy Tab', 'White', 'Samsung', 'Galaxy Tab S7', true),
       (10, 'Laptop Cases', 'Backpack', 99.99, 50, 'Spacious backpack for HP Pavilion', 'Blue', 'HP', 'Pavilion 15', false),
       (11, 'Phone Cases', 'Wallet Case', 24.99, 100, 'Multi-functional wallet case for LG', 'Brown', 'LG', 'V60 ThinQ', true),
       (12, 'Tablet Cases', 'Keyboard Case', 59.99, 75, 'Detachable keyboard case for Microsoft Surface', 'Black', 'Microsoft', 'Surface Pro 7', false),
       (13, 'Laptop Cases', 'Rolling Case', 149.99, 20, 'Rolling case with telescopic handle for Lenovo ThinkPad', 'Black', 'Lenovo', 'ThinkPad X1 Carbon', true),
       (14, 'Phone Cases', 'Holster Case', 19.99, 200, 'Rugged holster case for Motorola', 'Black', 'Motorola', 'Moto G Power', false),
       (15, 'Tablet Cases', 'Slim Case', 19.99, 150, 'Slim case for Huawei MediaPad', 'Rose Gold', 'Huawei', 'MediaPad M5 Lite', true),

INSERT INTO t_feedback(id, user_id,
                       case_id, rating,
                       description, photo_set_id)
VALUES (1, 1, 1, 4, 'Great service!', 10),
       (2, 2, 2, 3, 'Could be better', 11),
       (3, 3, 3, 5, 'Amazing experience', 12),
       (4, 4, 4, 2, 'Disappointed with the outcome', 13),
       (5, 5, 5, 4, 'Very satisfied with the service', 14),
       (6, 6, 6, 1, 'Terrible experience', 15),
       (7, 7, 7, 3, 'Average service', 16),
       (8, 8, 8, 5, 'Exceptional customer service', 17),
       (9, 9, 9, 2, 'Unsatisfied with the service', 18),
       (10, 10, 10, 4, 'Good service overall', 19),
       (11, 11, 11, 3, 'Not bad, but could be improved', 20),
       (12, 12, 12, 5, 'Highly recommend this service', 21),
       (13, 13, 13, 2, 'Poor communication', 22),
       (14, 14, 14, 4, 'Professional and helpful staff', 23),
       (15, 15, 15, 1, 'Worst service I have ever received', 24),
       (16, 16, 16, 3, 'Satisfactory experience', 25),
       (17, 17, 17, 5, 'Excellent service', 26),
       (18, 18, 18, 2, 'Disorganized and confusing', 27),
       (19, 19, 19, 4, 'Would use this service again', 28),
       (20, 20, 20, 3, 'Decent service, but room for improvement', 29);

INSERT INTO t_feedback_photos(id, set_id, photo_url)
VALUES (1, 10, 'https://example.com/photos/1/1.jpg'),
       (2, 10, 'https://example.com/photos/1/2.jpg'),
       (3, 11, 'https://example.com/photos/2/1.jpg'),
       (4, 12, 'https://example.com/photos/3/1.jpg'),
       (5, 13, 'https://example.com/photos/4/1.jpg'),
       (6, 14, 'https://example.com/photos/5/1.jpg'),
       (7, 15, 'https://example.com/photos/6/1.jpg'),
       (8, 16, 'https://example.com/photos/7/1.jpg'),
       (9, 17, 'https://example.com/photos/8/1.jpg'),
       (10, 18, 'https://example.com/photos/9/1.jpg'),
       (11, 19, 'https://example.com/photos/10/1.jpg'),
       (12, 20, 'https://example.com/photos/11/1.jpg'),
       (13, 22, 'https://example.com/photos/13/1.jpg'),
       (14, 23, 'https://example.com/photos/14/1.jpg'),
       (15, 24, 'https://example.com/photos/15/1.jpg'),
       (16, 25, 'https://example.com/photos/16/1.jpg'),
       (17, 26, 'https://example.com/photos/17/1.jpg'),
       (18, 27, 'https://example.com/photos/18/1.jpg'),
       (19, 28, 'https://example.com/photos/19/1.jpg'),
       (20, 29, 'https://example.com/photos/20/1.jpg');

INSERT INTO t_user(id, fist_name,
                   last_name, password,
                   salt, email, phone_number,
                   avatar_url, is_locked)
VALUES (1001, 'John', 'Doe', 'password1', 'salt1', 'john.doe@example.com', '555-1234', 'https://example.com/avatars/john.jpg', false),
       (1002, 'Jane', 'Smith', 'password2', 'salt2', 'jane.smith@example.com', '555-5678', 'https://example.com/avatars/jane.jpg', false),
       (1003, 'Michael', 'Johnson', 'password3', 'salt3', 'michael.johnson@example.com', '555-9012', 'https://example.com/avatars/michael.jpg', false),
       (1004, 'Sarah', 'Williams', 'password4', 'salt4', 'sarah.williams@example.com', '555-3456', 'https://example.com/avatars/sarah.jpg', false),
       (1005, 'David', 'Brown', 'password5', 'salt5', 'david.brown@example.com', '555-7890', 'https://example.com/avatars/david.jpg', false),
       (1006, 'Maria', 'Garcia', 'password6', 'salt6', 'maria.garcia@example.com', '555-2345', 'https://example.com/avatars/maria.jpg', false),
       (1007, 'Robert', 'Miller', 'password7', 'salt7', 'robert.miller@example.com', '555-6789', 'https://example.com/avatars/robert.jpg', false),
       (1008, 'Emily', 'Davis', 'password8', 'salt8', 'emily.davis@example.com', '555-0123', 'https://example.com/avatars/emily.jpg', false),
       (1009, 'Daniel', 'Martinez', 'password9', 'salt9', 'daniel.martinez@example.com', '555-4567', 'https://example.com/avatars/daniel.jpg', false),
       (1010, 'Megan', 'Taylor', 'password10', 'salt10', 'megan.taylor@example.com', '555-8901', 'https://example.com/avatars/megan.jpg', false),
       (1011, 'Joshua', 'Anderson', 'password11', 'salt11', 'joshua.anderson@example.com', '555-2345', 'https://example.com/avatars/joshua.jpg', false),
       (1012, 'Olivia', 'Thomas', 'password12', 'salt12', 'olivia.thomas@example.com', '555-6789', 'https://example.com/avatars/olivia.jpg', false),
       (1013, 'William', 'Jackson', 'password13', 'salt13', 'william.jackson@example.com', '555-0123', 'https://example.com/avatars/william.jpg', false),
       (1014, 'Sophia', 'White', 'password14', 'salt14', 'sophia.white@example.com', '555-4567', 'https://example.com/avatars/sophia.jpg', false),
       (1015, 'Christopher', 'Harris', 'password15', 'salt15', 'christopher.harris@example.com', '555-8901', 'https://example.com/avatars/christopher.jpg', false);

INSERT INTO t_role(id, type, description)
VALUES (1, 'admin', 'Administrator role with full access'),
       (2, 'moderator', 'Moderator role with restricted access'),
       (3, 'user', 'User role with basic access'),
       (4, 'guest', 'Guest role with limited access'),
       (5, 'developer', 'Developer role with access to development features'),
       (6, 'tester', 'Tester role with access to testing features'),

INSERT INTO t_order(id, case_id,
                    quantity, discount,
                    sum_checkout, datetime,
                    shipping_service_id)
VALUES (1, 1, 2, 0, 200, '2023-03-27 12:00:00', 1),
       (2, 2, 1, 0.1, 150, '2023-03-26 14:30:00', 2),
       (3, 3, 3, 0.2, 480, '2023-03-25 16:45:00', 3),
       (4, 4, 1, 0.05, 95, '2023-03-24 18:20:00', 1),
       (5, 5, 2, 0, 300, '2023-03-23 20:10:00', 2),
       (6, 6, 1, 0, 50, '2023-03-22 10:05:00', 3),
       (7, 7, 4, 0.3, 840, '2023-03-21 11:40:00', 1),
       (8, 8, 2, 0.1, 270, '2023-03-20 13:15:00', 2),
       (9, 9, 1, 0.05, 142.5, '2023-03-19 15:00:00', 3),
       (10, 10, 3, 0, 450, '2023-03-18 16:30:00', 1),
       (11, 11, 1, 0, 30, '2023-03-17 18:10:00', 2),
       (12, 12, 2, 0.2, 240, '2023-03-16 20:00:00', 3),
       (13, 13, 1, 0.05, 47.5, '2023-03-15 22:15:00', 1),
       (14, 14, 3, 0, 450, '2023-03-14 9:30:00', 2),
       (15, 15, 2, 0.1, 225, '2023-03-13 11:20:00', 3),
       (16, 16, 4, 0.3, 840, '2023-03-12 13:00:00', 1),
       (17, 17, 1, 0.05, 142.5, '2023-03-11 15:15:00', 2),
       (18, 18, 2, 0.2, 240, '2023-03-10 17:05:00', 3),
       (19, 19, 1, 0, 50, '2023-03-09 19:10:00', 1),
       (20, 20, 3, 0.1, 315, '2023-03-08 21:00:00', 2);

INSERT INTO t_address(id, country_id, city, street)
VALUES (1, 1, 'New York City', 'Broadway'),
       (2, 1, 'Los Angeles', 'Hollywood Blvd'),
       (3, 2, 'Toronto', 'Yonge St'),
       (4, 2, 'Vancouver', 'Granville St'),
       (5, 3, 'London', 'Oxford St'),
       (6, 3, 'Manchester', 'Deansgate'),
       (7, 4, 'Sydney', 'George St'),
       (8, 4, 'Melbourne', 'Collins St'),
       (9, 5, 'Berlin', 'Friedrichstrasse'),
       (10, 5, 'Munich', 'Maximilianstrasse'),
       (11, 6, 'Paris', 'Champs-Élysées'),
       (12, 6, 'Marseille', 'Rue de la République'),
       (13, 7, 'Madrid', 'Gran Vía'),
       (14, 7, 'Barcelona', 'Passeig de Gràcia'),
       (15, 8, 'Rome', 'Via del Corso'),
       (16, 8, 'Milan', 'Via Monte Napoleone'),
       (17, 9, 'Tokyo', 'Ginza'),
       (18, 9, 'Osaka', 'Shinsaibashi'),
       (19, 10, 'Seoul', 'Myeong-dong'),
       (20, 10, 'Busan', 'Haeundae');

INSERT INTO t_country(id, country_name, country_iso_2, country_iso_3)
VALUES (1, 'United States', 'US', 'USA'),
       (2, 'Canada', 'CA', 'CAN'),
       (3, 'United Kingdom', 'GB', 'GBR'),
       (4, 'Australia', 'AU', 'AUS'),
       (5, 'Germany', 'DE', 'DEU'),
       (6, 'France', 'FR', 'FRA'),
       (7, 'Spain', 'ES', 'ESP'),
       (8, 'Italy', 'IT', 'ITA'),
       (9, 'Japan', 'JP', 'JPN'),
       (10, 'South Korea', 'KR', 'KOR'),
       (11, 'China', 'CN', 'CHN'),
       (12, 'India', 'IN', 'IND'),
       (13, 'Brazil', 'BR', 'BRA'),
       (14, 'Mexico', 'MX', 'MEX'),
       (15, 'Argentina', 'AR', 'ARG');

INSERT INTO t_shipping_service(id, service_name, shipping_price, country_id, is_available)
VALUES (1, 'Standard Shipping', 10.99, 1, true),
       (2, 'Express Shipping', 14.99, 1, true),
       (3, 'Standard Shipping', 5.99, 2, true),
       (4, 'Express Shipping', 5.99, 2, false),
       (5, 'Standard Shipping', 25.99, 3, true),
       (6, 'Express Shipping', 8.99, 3, true),
       (7, 'Standard Shipping', 4.99, 4, false),
       (8, 'Express Shipping', 11.99, 4, true),
       (9, 'Standard Shipping', 17.99, 5, true),
       (10, 'Express Shipping', 2.99, 5, false),
       (11, 'Standard Shipping', 5.99, 6, true),
       (12, 'Express Shipping', 5.99, 6, true),
       (13, 'Standard Shipping', 10.99, 7, true),
       (14, 'Express Shipping', 12.99, 7, false),
       (15, 'Standard Shipping', 15.99, 8, false),
       (16, 'Express Shipping', 17.99, 8, true),
       (17, 'Standard Shipping', 2.99, 9, true),
       (18, 'Express Shipping', 4.99, 9, true),
       (19, 'Standard Shipping', 24.99, 10, false),
       (20, 'Express Shipping', 18.99, 10, true);

INSERT INTO t_social_media(id, media_name, media_url, icon_url)
VALUES (1, 'Facebook', 'https://www.facebook.com', 'https://cdn.example.com/icons/facebook.png'),
       (2, 'Twitter', 'https://www.twitter.com', 'https://cdn.example.com/icons/twitter.png'),
       (3, 'Instagram', 'https://www.instagram.com', 'https://cdn.example.com/icons/instagram.png'),
       (4, 'LinkedIn', 'https://www.linkedin.com', 'https://cdn.example.com/icons/linkedin.png'),
       (5, 'YouTube', 'https://www.youtube.com', 'https://cdn.example.com/icons/youtube.png'),
       (6, 'Pinterest', 'https://www.pinterest.com', 'https://cdn.example.com/icons/pinterest.png'),
       (7, 'Snapchat', 'https://www.snapchat.com', 'https://cdn.example.com/icons/snapchat.png'),
       (8, 'WhatsApp', 'https://www.whatsapp.com', 'https://cdn.example.com/icons/whatsapp.png'),
       (9, 'TikTok', 'https://www.tiktok.com', 'https://cdn.example.com/icons/tiktok.png');

INSERT INTO t_static_page(id, page_type, html)
VALUES (1, 'About Us', '<h1>About Us</h1><p>Learn more about our company and what we do.</p>'),
       (2, 'Contact Us', '<h1>Contact Us</h1><p>Get in touch with us for any inquiries or feedback.</p>'),
       (3, 'Privacy Policy', '<h1>Privacy Policy</h1><p>Read our privacy policy to learn how we handle your data.</p>'),
       (4, 'Terms of Service', '<h1>Terms of Service</h1><p>Review our terms of service for using our website or services.</p>'),
       (5, 'FAQ', '<h1>FAQ</h1><p>Find answers to frequently asked questions about our products or services.</p>');

INSERT INTO t_language(id, language_name, language_code)
VALUES (1, 'English', 'en'),
       (2, 'Ukraine', 'ua'),
       (3, 'Spain', 'es'),
       (4, 'Hindi', 'hi'),
       (5, 'Chinese', 'zh');

INSERT INTO t_user_to_role(id, user_id, role_id)
VALUES (1, 1, 1),
       (2, 1, 2),
       (3, 2, 2),
       (4, 3, 3),
       (5, 4, 1),
       (6, 5, 2),
       (7, 6, 3),
       (8, 7, 1),
       (9, 7, 2),
       (10, 8, 3),
       (11, 9, 1),
       (12, 10, 2),
       (13, 11, 3),
       (14, 12, 1),
       (15, 12, 2),
       (16, 13, 3),
       (17, 14, 1),
       (18, 15, 2),
       (19, 16, 3),
       (20, 17, 1);

INSERT INTO t_user_to_order(id, user_id, order_id)
VALUES (1, 1, 1),
       (2, 2, 2),
       (3, 3, 3),
       (4, 4, 4),
       (5, 5, 5),
       (6, 6, 6),
       (7, 7, 7),
       (8, 8, 8),
       (9, 9, 9),
       (10, 10, 10),
       (11, 1, 11),
       (12, 2, 12),
       (13, 3, 13),
       (14, 4, 14),
       (15, 5, 15),
       (16, 6, 16),
       (17, 7, 17),
       (18, 8, 18),
       (19, 9, 19),
       (20, 10, 20);

INSERT INTO t_user_to_address(id, user_id, address_id)
VALUES (1, 1, 1),
       (2, 2, 2),
       (3, 3, 3),
       (4, 4, 4),
       (5, 5, 5),
       (6, 6, 6),
       (7, 7, 7),
       (8, 8, 8),
       (9, 9, 9),
       (10, 10, 10),
       (11, 1, 11),
       (12, 2, 12),
       (13, 3, 13),
       (14, 4, 14),
       (15, 5, 15),
       (16, 6, 16),
       (17, 7, 17),
       (18, 8, 18),
       (19, 9, 19),
       (20, 10, 20);
